[{"@type":"mappingTemplate","id":"@1","name":"m_control_detail_pre","description":"","bundleVersion":"0","templateId":"@3","deployTime":1667494334000,"hasParameters":true,"valid":true,"fixedConnection":true,"hasParametersDeployed":true,"fixedConnectionDeployed":true,"isSchemaValidationEnabled":false,"tasks":1,"mappingPreviewFileRecordId":"@2","documentType":"","references":[{"@type":"reference","refObjectId":"@7SNMEz3iwsaklv0ihwcVAS","refType":"mappletTemplate"},{"@type":"reference","refObjectId":"@imiKsASAvYUhIXk5bhUtsz","refType":"connection"},{"@type":"reference","refObjectId":"@fsizT2nvbUwcOZ1YJS1g2D","refType":"sequenceGen"}]}]